DayOfWeek,avg(DepDelayMinutes)
1,9.27688136969222
2,9.31767557489124
3,12.2340020001177
4,10.7163168430083
5,10.1489227955883
6,7.88072882774008
7,11.3172064048584
