DayOfWeek,avg(DepDelayMinutes)
1,1305.91965670711
2,1305.6465382225
3,1311.15657391611
4,1315.95722047469
5,1316.08381907538
6,1270.99843822627
7,1348.00428868819
